"marca","ratio_promedio"
"Apple",10208.5
"Infinix",2272.7
"Motorola",2418.53050847458
"Nubia",1524.65
"OPPO",1878.36666666667
"Realme",1666.7
"Samsung",3729.15833333333
"TCL",3971.99090909091
"Tecno",1424.37142857143
"Xiaomi",2459.635
"ZTE",4699.49090909091
